Time (UTC),Time (Local),End Time (UTC),Type,Notes,Photo Link,Is Strenuous Exercise
2022-10-18T20:04:27.641Z,2022-10-18T15:04:27,,food,"2 eggs and french toast with butter and almond butter",,false
2022-10-18T17:20:52.358Z,2022-10-18T12:20:52,,food,"Turkey spinach wrap",https://levels.imgix.net/food-log/uovuvrqdjimrr6d4g2yzg.jpg,false
2022-10-18T16:24:23.495Z,2022-10-18T11:24:23,,note,"Supplement: vitamin d3, 5000 IU; fish oil, 800 mg EPA, 600 mg DHA; magnesium oxide, 400 mg; slowmag, 2 capsules; probiotic;",,false
2022-10-18T16:06:28.361Z,2022-10-18T11:06:28,,note,"Coffee: nespresso",,false
2022-10-18T16:06:12.655Z,2022-10-18T11:06:12,,food,"Muesli",https://levels.imgix.net/food-log/00x5slev5pqnlvedfh1qd4.jpg,false
2022-10-18T16:03:25.517Z,2022-10-18T11:03:25,,note,"Supplement: athletic greens",,false
2022-10-18T15:13:40.114Z,2022-10-18T10:13:40,2022-10-18T15:56:02.450Z,exercise,"Walking",,false
2022-10-18T15:02:14.243Z,2022-10-18T10:02:14,2022-10-18T15:13:19.681Z,exercise,"Cycling",,false
2022-10-18T14:19:47.810Z,2022-10-18T09:19:47,2022-10-18T14:33:49.378Z,exercise,"Cycling",,false
2022-10-18T03:01:55.000Z,2022-10-17T22:01:55,2022-10-18T12:18:25.000Z,sleep,"Sleep",,false
2022-10-18T03:01:47.000Z,2022-10-17T22:01:47,2022-10-18T12:35:17.000Z,sleep,"Sleep",,false
2022-10-18T02:30:04.000Z,2022-10-17T21:30:04,,note,"Supplement: Magtein, 2 capsules;",,false
2022-10-18T00:08:45.192Z,2022-10-17T19:08:45,,food,"Venison, broccoli, sweet potatoes",https://levels.imgix.net/food-log/67vs233r4yctu3ae173b7.jpg,false
2022-10-17T21:21:05.091Z,2022-10-17T16:21:05,,food,"85% dark chocolate",https://levels.imgix.net/food-log/gh4ttig41yjs48ekbx079.jpg,false
2022-10-17T21:16:02.279Z,2022-10-17T16:16:02,,food,"3 eggs and butter toast",,false
2022-10-17T20:13:50.511Z,2022-10-17T15:13:50,,food,"Sardines",https://levels.imgix.net/food-log/1tcuqts3nvjvnzs5bi16qa.jpg,false
2022-10-17T20:12:52.419Z,2022-10-17T15:12:52,,food,"Scoop of almond butter",,false
2022-10-17T16:23:22.000Z,2022-10-17T11:23:22,,note,"Marijuana: edible, 5mg",,false
2022-10-17T15:03:04.000Z,2022-10-17T10:03:04,,note,"Supplement: vitamin d3, 5000 IU; fish oil, 800 mg EPA, 600 mg DHA; magnesium oxide, 400 mg; slowmag, 2 capsules; probiotic;",,false
2022-10-17T14:50:54.749Z,2022-10-17T09:50:54,,food,"Muesli",https://levels.imgix.net/food-log/v7qc6ej244ikt2zci28dek.jpg,false
2022-10-17T14:42:25.246Z,2022-10-17T09:42:25,,note,"Coffee: nespresso",https://levels.imgix.net/food-log/lfhlvhwtb7bprtbc3c4ub.jpg,false
2022-10-17T14:41:17.943Z,2022-10-17T09:41:17,,note,"Supplement: athletic greens",,false
2022-10-17T13:54:00.120Z,2022-10-17T08:54:00,2022-10-17T14:16:04.755Z,exercise,"Walking",,false
2022-10-17T12:36:32.000Z,2022-10-17T07:36:32,2022-10-17T13:05:32.000Z,sleep,"Sleep",,false
2022-10-17T05:01:32.000Z,2022-10-17T00:01:32,2022-10-17T13:05:32.000Z,sleep,"Sleep",,false
2022-10-17T04:48:32.000Z,2022-10-16T23:48:32,2022-10-17T13:05:32.000Z,sleep,"Sleep",,false
2022-10-17T01:53:08.472Z,2022-10-16T20:53:08,,note,"Alcohol: michelob ultra",,false
2022-10-16T23:55:14.285Z,2022-10-16T18:55:14,,note,"Alcohol: 312 beer",https://levels.imgix.net/food-log/lsc44nnfjedlw7nnfxj1wa.jpg,false
2022-10-16T23:51:32.748Z,2022-10-16T18:51:32,,food,"Italian beef sausage combo",https://levels.imgix.net/food-log/cyf2it2tlqjbtpceozscbg.jpg,false
2022-10-16T22:34:01.649Z,2022-10-16T17:34:01,,food,"Sardines",https://levels.imgix.net/food-log/m7ah9x9c1yttpqkw1pze.jpg,false
2022-10-16T21:04:58.136Z,2022-10-16T16:04:58,,food,"4 eggs, ezekiel toast with butter, almond butter toast",,false
2022-10-16T19:23:16.556Z,2022-10-16T14:23:16,2022-10-16T20:46:37.400Z,exercise,"Traditional Strength Training",,false
2022-10-16T17:21:45.326Z,2022-10-16T12:21:45,,food,"Leftover pho",https://levels.imgix.net/food-log/w5mmc0tki5qc853pt7c9rb.jpg,false
2022-10-16T15:52:08.000Z,2022-10-16T10:52:08,,note,"Supplement: Magtein, 2 capsules;",,false
2022-10-16T15:12:00.435Z,2022-10-16T10:12:00,,note,"Supplement: vitamin d3, 5000 IU; fish oil, 800 mg EPA, 600 mg DHA; magnesium oxide, 400 mg; slowmag, 2 capsules; probiotic;",,false
2022-10-16T14:59:21.961Z,2022-10-16T09:59:21,,note,"Coffee: nespresso",https://levels.imgix.net/food-log/6i5cmw8zuhs88cjlawctvj.jpg,false
2022-10-16T14:59:13.583Z,2022-10-16T09:59:13,,food,"Muesli",https://levels.imgix.net/food-log/vtdrl9c1io72gyg9ugl7x.jpg,false
2022-10-16T14:45:27.589Z,2022-10-16T09:45:27,,note,"Supplement: athletic greens",,false
2022-10-16T09:37:03.000Z,2022-10-16T04:37:03,2022-10-16T12:30:03.000Z,sleep,"Sleep",,false
2022-10-16T04:02:03.000Z,2022-10-15T23:02:03,2022-10-16T12:30:03.000Z,sleep,"Sleep",,false
2022-10-16T03:26:22.000Z,2022-10-15T22:26:22,,note,"Supplement: Magtein, 2 capsules;",,false
2022-10-16T03:05:41.212Z,2022-10-15T22:05:41,2022-10-16T03:22:58.425Z,exercise,"Walking",,false
2022-10-16T02:07:26.837Z,2022-10-15T21:07:26,,note,"Alcohol: Heineken",,false
2022-10-16T01:01:44.407Z,2022-10-15T20:01:44,,note,"Alcohol: ranch water",,false
2022-10-16T00:56:21.146Z,2022-10-15T19:56:21,,food,"Sushi",https://levels.imgix.net/food-log/oa525dovd5kwta6vdx3wu.jpg,false
2022-10-16T00:35:58.272Z,2022-10-15T19:35:58,,food,"miso soup ",https://levels.imgix.net/food-log/2m58k1xuhd6dikfx0hmn3.jpg,false
2022-10-16T00:19:33.872Z,2022-10-15T19:19:33,,note,"Alcohol: ranch water",,false
2022-10-15T23:33:48.619Z,2022-10-15T18:33:48,,note,"Alcohol: jameson shot",,false
2022-10-15T19:07:29.272Z,2022-10-15T14:07:29,,note,"Alcohol: bud light",https://levels.imgix.net/food-log/sncj4481er87abiqdv4jk.jpg,false
2022-10-15T18:20:42.622Z,2022-10-15T13:20:42,2022-10-15T18:57:59.403Z,exercise,"Walking",,false
2022-10-15T17:54:43.345Z,2022-10-15T12:54:43,,food,"Farmer’s breakfast",https://levels.imgix.net/food-log/jypxpijtkcheniwg5iw1w.jpg,false
2022-10-15T17:41:29.520Z,2022-10-15T12:41:29,,food,"Cheese curds",https://levels.imgix.net/food-log/xgb6alxcgt8qkishyxn0k.jpg,false
2022-10-15T17:19:05.254Z,2022-10-15T12:19:05,,note,"Alcohol: old fashioned",https://levels.imgix.net/food-log/atqttefgzow3701t3burt.jpg,false
2022-10-15T16:55:07.274Z,2022-10-15T11:55:07,2022-10-15T17:13:07.761Z,exercise,"Walking",,false
2022-10-15T16:05:33.033Z,2022-10-15T11:05:33,,note,"Supplement: vitamin d3, 5000 IU; fish oil, 800 mg EPA, 600 mg DHA; magnesium oxide, 400 mg; slowmag, 2 capsules; probiotic;",,false
2022-10-15T16:05:25.869Z,2022-10-15T11:05:25,,food,"Muesli",https://levels.imgix.net/food-log/63ijagh46a8vcwa8eq5mg.jpg,false
2022-10-15T16:04:51.232Z,2022-10-15T11:04:51,,note,"Coffee: nespresso",https://levels.imgix.net/food-log/cfhzsp8efptivdnrpbslk.jpg,false
2022-10-15T16:04:41.087Z,2022-10-15T11:04:41,,note,"Supplement: athletic greens",,false
2022-10-15T15:23:51.000Z,2022-10-15T10:23:51,2022-10-15T15:51:55.000Z,exercise,"Cycling",,false
2022-10-15T14:33:40.000Z,2022-10-15T09:33:40,2022-10-15T15:51:50.190Z,exercise,"Cycling",,false
2022-10-15T14:33:38.089Z,2022-10-15T09:33:38,2022-10-15T15:18:39.850Z,exercise,"Cycling",,false
2022-10-15T09:47:17.000Z,2022-10-15T04:47:17,2022-10-15T13:11:47.000Z,sleep,"Sleep",,false
2022-10-15T03:42:17.000Z,2022-10-14T22:42:17,2022-10-15T13:11:47.000Z,sleep,"Sleep",,false
2022-10-15T03:20:16.430Z,2022-10-14T22:20:16,,note,"Supplement: Magtein, 2 capsules;",,false
2022-10-15T01:46:25.483Z,2022-10-14T20:46:25,,food,"Dark chocolate",https://levels.imgix.net/food-log/sx4428h5jh5y8li64hvq5.jpg,false
2022-10-15T00:59:58.939Z,2022-10-14T19:59:58,,food,"Venison Ribs and pho",https://levels.imgix.net/food-log/ulpot1nqp8hrqaokk4yjed.jpg,false
2022-10-15T00:37:49.642Z,2022-10-14T19:37:49,,note,"Marijuana: edible, 5mg",,false
2022-10-15T00:29:00.191Z,2022-10-14T19:29:00,,note,"Alcohol: gin apple martini",https://levels.imgix.net/food-log/q2q32sdkx7phz3ansxjm.jpg,false
2022-10-14T21:42:53.807Z,2022-10-14T16:42:53,2022-10-14T22:28:00.113Z,exercise,"Walking",,false
2022-10-14T20:52:57.795Z,2022-10-14T15:52:57,,food,"avocado toast ",https://levels.imgix.net/food-log/rwlkzaz8n7bw5fb54ca2u9.jpg,false
2022-10-14T20:44:05.798Z,2022-10-14T15:44:05,,note,"Alcohol: spotted cow",https://levels.imgix.net/food-log/vafbx34yj1hyzptlmvmw5.jpg,false
2022-10-14T17:20:49.945Z,2022-10-14T12:20:49,,food,"French onion soup with Gruyère toast",https://levels.imgix.net/food-log/b1nydyog7n651536vxa6uc.jpg,false
2022-10-14T15:54:21.714Z,2022-10-14T10:54:21,,note,"Supplement: vitamin d3, 5000 IU; fish oil, 800 mg EPA, 600 mg DHA; magnesium oxide, 400 mg; slowmag, 2 capsules;",,false
2022-10-14T14:43:49.391Z,2022-10-14T09:43:49,,food,"Muesli ",https://levels.imgix.net/food-log/l5s09i3ofwfdqqh21vn0jl.jpg,false
2022-10-14T14:41:05.486Z,2022-10-14T09:41:05,,note,"Coffee: nespresso",,false
2022-10-14T14:40:58.172Z,2022-10-14T09:40:58,,note,"Supplement: athletic greens",,false
2022-10-14T13:45:29.054Z,2022-10-14T08:45:29,2022-10-14T14:07:30.904Z,exercise,"Walking",,false
2022-10-14T03:45:04.000Z,2022-10-13T22:45:04,2022-10-14T12:53:04.000Z,sleep,"Sleep",,false
2022-10-14T03:32:34.000Z,2022-10-13T22:32:34,2022-10-14T12:53:04.000Z,sleep,"Sleep",,false
2022-10-14T03:13:32.796Z,2022-10-13T22:13:32,,note,"Supplement: Magtein, 2 capsules;",,false
2022-10-14T02:28:49.007Z,2022-10-13T21:28:49,,food,"Pizza and wings",https://levels.imgix.net/food-log/3bqzavme8sw02ae59yo4js.jpg,false
2022-10-14T01:45:00.204Z,2022-10-13T20:45:00,2022-10-14T02:09:25.668Z,exercise,"Cycling",,false
2022-10-13T23:09:31.620Z,2022-10-13T18:09:31,2022-10-13T23:32:01.704Z,exercise,"Cycling",,false
2022-10-13T22:54:31.790Z,2022-10-13T17:54:31,,food,"Egg on avocado toast with almond butter toast and blueberries",https://levels.imgix.net/food-log/imb24ij4k5d9nbnws6rqu.jpg,false
2022-10-13T18:00:52.831Z,2022-10-13T13:00:52,,food,"Gyro plate",https://levels.imgix.net/food-log/wwedkg3rqe1xupzlr63mc.jpg,false
2022-10-13T16:05:51.290Z,2022-10-13T11:05:51,,note,"Coffee: nespresso",https://levels.imgix.net/food-log/65zeh00bsgphlpuy2uioqr.jpg,false
2022-10-13T14:50:31.000Z,2022-10-13T09:50:31,,note,"Supplement: vitamin d3, 5000 IU; fish oil, 800 mg EPA, 600 mg DHA; magnesium oxide, 400 mg; slowmag, 2 capsules;",,false
2022-10-13T14:45:53.862Z,2022-10-13T09:45:53,,note,"Coffee: nespresso",https://levels.imgix.net/food-log/dcio6f95z2wbx5astemokd.jpg,false
2022-10-13T14:37:56.211Z,2022-10-13T09:37:56,,food,"Muesli ",https://levels.imgix.net/food-log/7oy39po8aeiwgzvfz1kdma.jpg,false
2022-10-13T14:35:58.929Z,2022-10-13T09:35:58,,note,"Supplement: athletic greens",https://levels.imgix.net/food-log/gh1zltbfpv43snt90klb6o.jpg,false
2022-10-13T14:07:19.900Z,2022-10-13T09:07:19,2022-10-13T14:26:09.192Z,exercise,"Walking",,false
2022-10-13T13:54:37.934Z,2022-10-13T08:54:37,2022-10-13T14:06:55.879Z,exercise,"Functional Strength Training",,false
2022-10-13T13:18:43.636Z,2022-10-13T08:18:43,2022-10-13T13:36:18.953Z,exercise,"Walking",,false
2022-10-13T03:30:47.000Z,2022-10-12T22:30:47,2022-10-13T12:04:17.000Z,sleep,"Sleep",,false
2022-10-13T03:06:19.000Z,2022-10-12T22:06:19,,note,"Supplement: Magtein, 2 capsules;",,false
2022-10-13T01:30:12.000Z,2022-10-12T20:30:12,,food,"Blueberries",,false
2022-10-13T00:34:16.833Z,2022-10-12T19:34:16,,food,"SEARED LOIN FILET WITH CHARRED SCALLION MISO CREAM SAUCE",https://levels.imgix.net/food-log/jtejbp7cl9r8nzisuvn1.jpg,false
2022-10-12T22:57:55.869Z,2022-10-12T17:57:55,2022-10-12T23:44:03.908Z,exercise,"Traditional Strength Training",,false
2022-10-12T22:13:02.121Z,2022-10-12T17:13:02,2022-10-12T22:50:43.018Z,exercise,"Walking",,false
2022-10-12T18:30:28.419Z,2022-10-12T13:30:28,,food,"3 eggs on ezekiel bread and almond butter on ezekiel bread",https://levels.imgix.net/food-log/9siwp70mavanpc7xeljq7.jpg,false
2022-10-12T14:05:54.010Z,2022-10-12T09:05:54,,note,"Supplement: vitamin d3, 5000 IU; fish oil, 800 mg EPA, 600 mg DHA; magnesium oxide, 400 mg; slowmag, 2 capsules;",https://levels.imgix.net/food-log/ybllpl54ge8vgjmaulex5n.jpg,false
2022-10-12T14:05:45.009Z,2022-10-12T09:05:45,,note,"Coffee: nespresso",https://levels.imgix.net/food-log/zd0cuzo1gwb3swl28ym7z.jpg,false
2022-10-12T14:05:37.862Z,2022-10-12T09:05:37,,food,"Muesli ",https://levels.imgix.net/food-log/l9xki30zl4nk2vevfvywj.jpg,false
2022-10-12T14:02:28.427Z,2022-10-12T09:02:28,,note,"Supplement: athletic greens",https://levels.imgix.net/food-log/0mlksc41i3ae4ro5lpij91.jpg,false
2022-10-12T13:26:34.228Z,2022-10-12T08:26:34,2022-10-12T13:50:18.368Z,exercise,"Walking",,false
2022-10-12T12:19:08.000Z,2022-10-12T07:19:08,2022-10-12T12:51:38.000Z,sleep,"Sleep",,false
2022-10-12T03:23:38.000Z,2022-10-11T22:23:38,2022-10-12T12:51:38.000Z,sleep,"Sleep",,false
2022-10-12T03:10:00.000Z,2022-10-11T22:10:00,,note,"Supplement: Magtein, 2 capsules;",,false
2022-10-12T01:03:27.434Z,2022-10-11T20:03:27,2022-10-12T01:20:14.744Z,exercise,"Cycling",,false
2022-10-11T23:25:20.000Z,2022-10-11T18:25:20,,food,"Sweetgreen",https://levels.imgix.net/food-log/mg1gzynfx2kk7razxdlp9.jpg,false
2022-10-11T19:27:59.393Z,2022-10-11T14:27:59,,food,"3 eggs on ezekiel bread and almond butter on ezekiel bread",https://levels.imgix.net/food-log/gi5bi46odlv4ow9jlgah.jpg,false
2022-10-11T15:45:19.232Z,2022-10-11T10:45:19,,note,"Supplement: vitamin d3, 5000 IU; fish oil, 800 mg EPA, 600 mg DHA; magnesium oxide, 400 mg; slowmag, 2 capsules;",https://levels.imgix.net/food-log/hgdiqts8j3u3ippnahl482.jpg,false
2022-10-11T15:43:54.036Z,2022-10-11T10:43:54,,note,"Coffee: nespresso",https://levels.imgix.net/food-log/d1gek27ptx1zpobn07ysb.jpg,false
2022-10-11T15:28:02.004Z,2022-10-11T10:28:02,,food,"Muesli ",https://levels.imgix.net/food-log/amo6gys2d8fqw2567tvgbh.jpg,false
2022-10-11T15:24:20.592Z,2022-10-11T10:24:20,,note,"Supplement: athletic greens",,false
2022-10-11T14:26:54.000Z,2022-10-11T09:26:54,2022-10-11T15:11:54.000Z,exercise,"Cycling",,false
2022-10-11T14:26:50.013Z,2022-10-11T09:26:50,2022-10-11T15:11:51.035Z,exercise,"Cycling",,false
2022-10-11T13:51:00.853Z,2022-10-11T08:51:00,2022-10-11T14:12:59.225Z,exercise,"Walking",,false
2022-10-11T11:05:00.000Z,2022-10-11T06:05:00,2022-10-11T13:06:00.000Z,sleep,"Sleep",,false
2022-10-11T03:35:30.000Z,2022-10-10T22:35:30,2022-10-11T13:06:00.000Z,sleep,"Sleep",,false
2022-10-11T00:26:34.824Z,2022-10-10T19:26:34,,food,"French onion soup and chicken breast",https://levels.imgix.net/food-log/c4vkjuad3rgw4botoueuhb.jpg,false
2022-10-10T23:31:51.418Z,2022-10-10T18:31:51,,food,"Muesli ",,false
2022-10-10T22:14:46.396Z,2022-10-10T17:14:46,2022-10-10T23:17:43.626Z,exercise,"Traditional Strength Training",,false
2022-10-10T18:47:41.273Z,2022-10-10T13:47:41,,food,"3 eggs and avocado toast",https://levels.imgix.net/food-log/5kxbga5fnqk1f60jyjicu5.jpg,false
2022-10-10T15:51:01.786Z,2022-10-10T10:51:01,,note,"Supplement: vitamin d3, 5000 IU; fish oil, 800 mg EPA, 600 mg DHA; magnesium oxide, 400 mg; slowmag, 2 capsules;",https://levels.imgix.net/food-log/9ohcapmc6mouq6q77b514.jpg,false
2022-10-10T15:45:06.000Z,2022-10-10T10:45:06,,note,"Coffee: nespresso",,false
2022-10-10T15:29:08.950Z,2022-10-10T10:29:08,,food,"Muesli ",https://levels.imgix.net/food-log/8e95sklyc5sqy7jrf9adbb.jpg,false
2022-10-10T15:28:45.274Z,2022-10-10T10:28:45,,note,"Supplement: athletic greens",https://levels.imgix.net/food-log/ke90v9d5iyuvd3hy879eo.jpg,false
2022-10-10T14:51:32.527Z,2022-10-10T09:51:32,2022-10-10T15:10:15.534Z,exercise,"Walking",,false
2022-10-10T14:11:44.588Z,2022-10-10T09:11:44,2022-10-10T14:42:30.722Z,exercise,"Walking",,false
2022-10-10T13:26:15.000Z,2022-10-10T08:26:15,2022-10-10T13:30:15.000Z,sleep,"Sleep",,false
2022-10-10T10:14:45.000Z,2022-10-10T05:14:45,2022-10-10T13:30:15.000Z,sleep,"Sleep",,false
2022-10-10T02:32:45.000Z,2022-10-09T21:32:45,2022-10-10T13:30:15.000Z,sleep,"Sleep",,false
2022-10-10T02:00:17.000Z,2022-10-09T21:00:17,,note,"Supplement: Magtein, 2 capsules;",,false
2022-10-09T22:46:15.000Z,2022-10-09T17:46:15,,food,"Thai food from Krung Thep",,false
2022-10-09T19:51:32.649Z,2022-10-09T14:51:32,,food,"Venison meatballs with yogurt sauce",https://levels.imgix.net/food-log/plgm9md0fahpohekzggh4.jpg,false
2022-10-09T18:54:19.762Z,2022-10-09T13:54:19,,food,"3 eggs and avocado toast",https://levels.imgix.net/food-log/vurp07n2rnsh03yyz3cp8f.jpg,false
2022-10-09T15:53:06.979Z,2022-10-09T10:53:06,,food,"Supplement: vitamin d3, 5000 IU; fish oil, 800 mg EPA, 600 mg DHA; magnesium oxide, 400 mg, 2 slowmag",https://levels.imgix.net/food-log/e9qvrzk3wrrpmmdyz4gnz.jpg,false
2022-10-09T15:43:24.026Z,2022-10-09T10:43:24,,note,"Coffee: nespresso",https://levels.imgix.net/food-log/dkmqu8zqogiy3w2ks2hm1.jpg,false
2022-10-09T15:43:10.402Z,2022-10-09T10:43:10,,food,"Muesli",https://levels.imgix.net/food-log/e6x1z10lqsqp5h0loi5vb.jpg,false
2022-10-09T15:09:19.814Z,2022-10-09T10:09:19,2022-10-09T15:29:01.940Z,exercise,"Functional Strength Training",,false
2022-10-09T14:42:08.052Z,2022-10-09T09:42:08,2022-10-09T15:02:42.333Z,exercise,"Walking",,false
2022-10-09T14:23:22.175Z,2022-10-09T09:23:22,,food,"supplement: athletic greens",https://levels.imgix.net/food-log/ypt431ude32msyiwtna0q.jpg,false
2022-10-09T13:26:52.000Z,2022-10-09T08:26:52,2022-10-09T13:42:22.000Z,sleep,"Sleep",,false
2022-10-09T04:44:52.000Z,2022-10-08T23:44:52,2022-10-09T13:42:22.000Z,sleep,"Sleep",,false
2022-10-08T23:29:40.199Z,2022-10-08T18:29:40,2022-10-09T00:03:12.046Z,exercise,"Walking",,false
2022-10-08T14:44:58.868Z,2022-10-08T09:44:58,2022-10-08T15:33:20.987Z,exercise,"Walking",,false
2022-10-08T08:28:26.000Z,2022-10-08T03:28:26,2022-10-08T14:01:26.000Z,sleep,"Sleep",,false
2022-10-08T06:41:56.000Z,2022-10-08T01:41:56,2022-10-08T14:01:26.000Z,sleep,"Sleep",,false
2022-10-08T04:53:22.603Z,2022-10-07T23:53:22,2022-10-08T05:12:38.700Z,exercise,"Walking",,false
2022-10-07T22:15:05.681Z,2022-10-07T17:15:05,2022-10-07T22:55:35.579Z,exercise,"Traditional Strength Training",,false
2022-10-07T13:38:14.182Z,2022-10-07T08:38:14,2022-10-07T13:52:46.284Z,exercise,"Walking",,false
2022-10-07T00:16:08.915Z,2022-10-06T19:16:08,2022-10-07T00:28:17.029Z,exercise,"Cycling",,false
2022-10-06T22:27:01.045Z,2022-10-06T17:27:01,2022-10-06T22:45:15.704Z,exercise,"Traditional Strength Training",,false
2022-10-06T13:45:32.377Z,2022-10-06T08:45:32,2022-10-06T13:56:42.517Z,exercise,"Walking",,false
2022-10-05T14:22:48.000Z,2022-10-05T09:22:48,2022-10-05T15:07:48.000Z,exercise,"Cycling",,false
2022-10-05T14:22:45.111Z,2022-10-05T09:22:45,2022-10-05T15:07:49.619Z,exercise,"Cycling",,false
2022-10-05T13:32:48.906Z,2022-10-05T08:32:48,2022-10-05T13:54:59.681Z,exercise,"Walking",,false
2022-10-05T03:30:38.000Z,2022-10-04T22:30:38,2022-10-05T12:55:38.000Z,sleep,"Sleep",,false
2022-10-04T22:32:40.330Z,2022-10-04T17:32:40,2022-10-05T00:00:47.566Z,exercise,"Traditional Strength Training",,false
2022-10-04T21:42:10.309Z,2022-10-04T16:42:10,2022-10-04T22:17:41.360Z,exercise,"Walking",,false
2022-10-04T15:45:03.116Z,2022-10-04T10:45:03,2022-10-04T15:58:05.444Z,exercise,"Functional Strength Training",,false
2022-10-04T13:28:47.011Z,2022-10-04T08:28:47,2022-10-04T13:51:14.818Z,exercise,"Walking",,false
2022-10-04T05:47:59.000Z,2022-10-04T00:47:59,2022-10-04T12:50:59.000Z,sleep,"Sleep",,false
2022-10-03T21:53:40.027Z,2022-10-03T16:53:40,2022-10-03T23:20:28.259Z,exercise,"Traditional Strength Training",,false
2022-10-03T13:28:12.447Z,2022-10-03T08:28:12,2022-10-03T13:52:37.444Z,exercise,"Walking",,false
2022-10-01T15:52:00.364Z,2022-10-01T10:52:00,2022-10-01T17:16:36.861Z,exercise,"Walking",,false
2022-09-30T21:38:00.918Z,2022-09-30T16:38:00,2022-09-30T22:23:06.282Z,exercise,"Traditional Strength Training",,false
2022-09-30T13:39:41.173Z,2022-09-30T08:39:41,2022-09-30T14:03:14.669Z,exercise,"Walking",,false
2022-09-28T13:30:31.251Z,2022-09-28T08:30:31,2022-09-28T13:47:42.172Z,exercise,"Walking",,false
2022-09-27T23:51:08.226Z,2022-09-27T18:51:08,2022-09-28T00:07:58.189Z,exercise,"Cycling",,false
2022-09-27T13:38:35.750Z,2022-09-27T08:38:35,2022-09-27T14:03:46.402Z,exercise,"Walking",,false
2022-09-26T14:09:47.843Z,2022-09-26T09:09:47,2022-09-26T14:29:53.503Z,exercise,"Walking",,false
2022-09-26T13:31:48.894Z,2022-09-26T08:31:48,2022-09-26T13:58:01.460Z,exercise,"Walking",,false
2022-09-25T19:53:18.882Z,2022-09-25T14:53:18,2022-09-25T20:43:29.111Z,exercise,"Walking",,false
2022-09-25T18:09:31.591Z,2022-09-25T13:09:31,2022-09-25T18:55:22.930Z,exercise,"Functional Strength Training",,false
2022-09-24T13:33:01.273Z,2022-09-24T08:33:01,2022-09-24T13:55:37.827Z,exercise,"Walking",,false
2022-09-23T14:48:26.688Z,2022-09-23T09:48:26,2022-09-23T15:12:02.039Z,exercise,"Walking",,false
2022-09-23T13:37:37.310Z,2022-09-23T08:37:37,2022-09-23T14:22:47.514Z,exercise,"Cycling",,false
2022-09-23T13:07:11.246Z,2022-09-23T08:07:11,2022-09-23T13:30:27.383Z,exercise,"Walking",,false
2022-09-22T23:36:41.177Z,2022-09-22T18:36:41,2022-09-23T00:10:12.037Z,exercise,"Walking",,false
2022-09-22T13:49:32.337Z,2022-09-22T08:49:32,2022-09-22T14:30:30.998Z,exercise,"Walking",,false
2022-09-21T14:29:43.347Z,2022-09-21T09:29:43,2022-09-21T14:52:14.756Z,exercise,"Walking",,false
2022-09-21T14:14:20.573Z,2022-09-21T09:14:20,2022-09-21T14:29:20.540Z,exercise,"Functional Strength Training",,false
2022-09-21T13:46:36.127Z,2022-09-21T08:46:36,2022-09-21T14:02:23.292Z,exercise,"Swimming",,false
2022-09-21T13:25:27.659Z,2022-09-21T08:25:27,2022-09-21T13:43:56.267Z,exercise,"Walking",,false
2022-09-20T18:00:25.903Z,2022-09-20T13:00:25,2022-09-20T18:45:29.249Z,exercise,"Cycling",,false
2022-09-20T13:40:11.648Z,2022-09-20T08:40:11,2022-09-20T13:57:53.432Z,exercise,"Walking",,false
2022-09-06T14:29:38.636Z,2022-09-06T09:29:38,2022-09-06T14:46:21.859Z,exercise,"Walking",,false
2022-09-06T02:52:44.000Z,2022-09-05T21:52:44,2022-09-06T13:47:44.000Z,sleep,"Sleep",,false
2022-09-06T01:48:33.586Z,2022-09-05T20:48:33,2022-09-06T14:21:15.886Z,exercise,"Functional Strength Training",,false
2022-09-05T13:27:20.000Z,2022-09-05T08:27:20,2022-09-05T13:31:20.000Z,sleep,"Sleep",,false
2022-09-03T17:30:15.602Z,2022-09-03T12:30:15,2022-09-03T17:50:45.978Z,exercise,"Walking",,false
2022-09-02T14:59:56.606Z,2022-09-02T09:59:56,2022-09-02T15:22:33.985Z,exercise,"Walking",,false
2022-09-01T18:40:05.082Z,2022-09-01T13:40:05,2022-09-01T19:08:30.542Z,exercise,"Walking",,false
2022-08-31T14:29:41.938Z,2022-08-31T09:29:41,2022-08-31T14:42:56.463Z,exercise,"Traditional Strength Training",,false
2022-08-31T14:15:41.214Z,2022-08-31T09:15:41,2022-08-31T14:28:47.659Z,exercise,"Walking",,false
2022-08-30T21:25:30.442Z,2022-08-30T16:25:30,2022-08-30T23:00:25.847Z,exercise,"Tennis",,false
2022-08-30T18:27:49.393Z,2022-08-30T13:27:49,2022-08-30T19:30:17.935Z,exercise,"Functional Strength Training",,false
2022-08-30T14:30:28.907Z,2022-08-30T09:30:28,2022-08-30T14:58:19.066Z,exercise,"Walking",,false
2022-08-29T21:51:10.432Z,2022-08-29T16:51:10,2022-08-29T23:02:59.888Z,exercise,"Tennis",,false
2022-08-29T13:25:55.854Z,2022-08-29T08:25:55,2022-08-29T14:21:33.988Z,exercise,"Walking",,false
2022-08-28T20:15:36.422Z,2022-08-28T15:15:36,2022-08-28T21:03:15.190Z,exercise,"Walking",,false
2022-08-26T18:51:57.136Z,2022-08-26T13:51:57,2022-08-26T19:29:22.294Z,exercise,"Functional Strength Training",,false
2022-08-26T15:02:10.774Z,2022-08-26T10:02:10,2022-08-26T15:39:15.338Z,exercise,"Walking",,false
2022-08-25T13:12:05.624Z,2022-08-25T08:12:05,2022-08-25T14:13:50.891Z,exercise,"Walking",,false
2022-08-25T00:02:50.900Z,2022-08-24T19:02:50,2022-08-25T00:23:40.181Z,exercise,"Walking",,false
2022-08-24T22:35:35.542Z,2022-08-24T17:35:35,2022-08-24T22:49:05.040Z,exercise,"Cycling",,false
2022-08-24T22:01:46.315Z,2022-08-24T17:01:46,2022-08-24T22:22:57.065Z,exercise,"Functional Strength Training",,false
2022-08-24T13:39:13.093Z,2022-08-24T08:39:13,2022-08-24T14:06:11.759Z,exercise,"Walking",,false
2022-08-24T12:52:54.119Z,2022-08-24T07:52:54,2022-08-24T13:11:43.121Z,exercise,"Walking",,false
2022-08-23T14:06:37.962Z,2022-08-23T09:06:37,2022-08-23T14:51:38.495Z,exercise,"Cycling",,false
2022-08-23T13:34:42.962Z,2022-08-23T08:34:42,2022-08-23T13:57:51.604Z,exercise,"Walking",,false
2022-08-23T12:42:50.962Z,2022-08-23T07:42:50,2022-08-23T13:03:18.834Z,exercise,"Walking",,false
2022-08-23T02:09:05.247Z,2022-08-22T21:09:05,2022-08-23T02:44:06.390Z,exercise,"Other",,false
2022-08-22T21:47:40.935Z,2022-08-22T16:47:40,2022-08-22T22:20:07.274Z,exercise,"Traditional Strength Training",,false
2022-08-22T15:36:14.078Z,2022-08-22T16:36:14,2022-08-22T16:10:47.964Z,exercise,"Functional Strength Training",,false
2022-08-22T13:15:31.739Z,2022-08-22T14:15:31,2022-08-22T13:35:13.368Z,exercise,"Walking",,false
2022-08-22T12:11:40.858Z,2022-08-22T13:11:40,2022-08-22T12:32:00.666Z,exercise,"Walking",,false
2022-08-22T02:16:42.000Z,2022-08-22T03:16:42,2022-08-22T11:51:12.000Z,sleep,"Sleep",,false
2022-08-22T02:15:12.000Z,2022-08-22T03:15:12,2022-08-22T02:15:42.000Z,sleep,"Sleep",,false
2022-08-22T00:49:21.628Z,2022-08-22T01:49:21,2022-08-22T01:27:05.663Z,exercise,"Yoga",,false
2022-08-22T00:29:25.275Z,2022-08-22T01:29:25,2022-08-22T00:43:13.838Z,exercise,"Functional Strength Training",,false
2022-08-21T18:59:45.315Z,2022-08-21T19:59:45,2022-08-21T19:53:17.012Z,exercise,"Walking",,false
2022-08-18T23:16:40.000Z,2022-08-18T18:16:40,2022-08-19T08:22:40.000Z,sleep,"Sleep",,false
2022-08-18T05:10:13.000Z,2022-08-18T00:10:13,2022-08-18T07:52:13.000Z,sleep,"Sleep",,false
2022-08-15T10:56:48.721Z,2022-08-15T05:56:48,2022-08-15T11:11:43.187Z,exercise,"Walking",,false
2022-08-12T19:57:52.600Z,2022-08-12T14:57:52,2022-08-12T20:11:12.567Z,exercise,"Functional Strength Training",,false
2022-08-12T19:24:40.933Z,2022-08-12T14:24:40,2022-08-12T19:55:29.572Z,exercise,"Traditional Strength Training",,false
2022-08-12T13:57:28.063Z,2022-08-12T08:57:28,2022-08-12T14:51:15.022Z,exercise,"Walking",,false
2022-08-11T23:20:45.035Z,2022-08-11T18:20:45,2022-08-11T23:36:07.150Z,exercise,"Functional Strength Training",,false
2022-08-10T23:55:58.191Z,2022-08-10T18:55:58,2022-08-11T00:26:44.979Z,exercise,"Walking",,false
2022-08-10T22:53:58.443Z,2022-08-10T17:53:58,2022-08-10T23:08:28.928Z,exercise,"Walking",,false
2022-08-10T22:40:15.099Z,2022-08-10T17:40:15,2022-08-10T22:53:39.416Z,exercise,"Cycling",,false
2022-08-10T21:20:38.076Z,2022-08-10T16:20:38,2022-08-10T22:05:44.285Z,exercise,"Cycling",,false
2022-08-10T21:20:34.000Z,2022-08-10T16:20:34,2022-08-10T22:05:50.000Z,exercise,"Cycling",,false
2022-08-10T13:34:13.738Z,2022-08-10T08:34:13,2022-08-10T14:54:06.671Z,exercise,"Walking",,false
2022-08-09T23:08:41.576Z,2022-08-09T18:08:41,2022-08-09T23:32:19.833Z,exercise,"Walking",,false
2022-08-09T22:11:00.993Z,2022-08-09T17:11:00,2022-08-09T22:28:43.662Z,exercise,"Walking",,false
2022-08-09T18:52:23.224Z,2022-08-09T13:52:23,2022-08-09T19:54:44.239Z,exercise,"Traditional Strength Training",,false
2022-08-09T18:35:28.471Z,2022-08-09T13:35:28,2022-08-09T18:47:11.472Z,exercise,"Functional Strength Training",,false
2022-08-09T16:29:07.690Z,2022-08-09T11:29:07,2022-08-09T17:05:21.708Z,exercise,"Walking",,false
2022-08-08T17:24:23.125Z,2022-08-08T12:24:23,2022-08-08T17:52:27.483Z,exercise,"Cycling",,false
2022-08-08T13:50:05.588Z,2022-08-08T08:50:05,2022-08-08T14:20:54.604Z,exercise,"Yoga",,false
2022-08-07T20:51:02.869Z,2022-08-07T15:51:02,2022-08-07T21:32:38.456Z,exercise,"Traditional Strength Training",,false
2022-08-07T20:36:10.948Z,2022-08-07T15:36:10,2022-08-07T20:49:35.059Z,exercise,"Functional Strength Training",,false
2022-08-07T02:25:31.827Z,2022-08-06T21:25:31,2022-08-07T02:40:26.717Z,exercise,"Walking",,false
2022-08-03T23:29:51.294Z,2022-08-03T18:29:51,2022-08-03T23:47:54.993Z,exercise,"Cycling",,false
2022-07-27T03:38:17.000Z,2022-07-26T22:38:17,2022-07-27T12:32:17.000Z,sleep,"Sleep",,false
2022-07-26T19:25:32.025Z,2022-07-26T14:25:32,2022-07-26T19:55:46.864Z,exercise,"Traditional Strength Training",,false
2022-07-26T13:25:10.455Z,2022-07-26T08:25:10,2022-07-26T14:14:47.877Z,exercise,"Walking",,false
2022-07-26T05:02:42.000Z,2022-07-26T00:02:42,2022-07-26T12:44:12.000Z,sleep,"Sleep",,false
2022-07-25T22:18:58.524Z,2022-07-25T17:18:58,2022-07-25T22:59:54.021Z,exercise,"Cycling",,false
2022-07-25T13:25:29.286Z,2022-07-25T08:25:29,2022-07-25T13:51:15.035Z,exercise,"Walking",,false
2022-07-24T16:01:47.034Z,2022-07-24T11:01:47,2022-07-24T17:17:38.684Z,exercise,"Walking",,false
2022-07-23T19:09:01.897Z,2022-07-23T14:09:01,2022-07-23T20:05:14.281Z,exercise,"Traditional Strength Training",,false
2022-07-22T21:20:16.982Z,2022-07-22T16:20:16,2022-07-22T21:39:20.906Z,exercise,"Cycling",,false
2022-07-22T16:30:17.997Z,2022-07-22T11:30:17,2022-07-22T17:02:18.826Z,exercise,"Yoga",,false
2022-07-21T22:16:06.684Z,2022-07-21T17:16:06,2022-07-21T22:28:22.357Z,exercise,"Cycling",,false
2022-07-21T21:32:38.532Z,2022-07-21T16:32:38,2022-07-21T21:59:01.932Z,exercise,"Traditional Strength Training",,false
2022-07-21T17:57:24.686Z,2022-07-21T12:57:24,2022-07-21T18:18:10.938Z,exercise,"Pilates",,false
2022-07-21T13:44:05.431Z,2022-07-21T08:44:05,2022-07-21T14:10:34.929Z,exercise,"Walking",,false
2022-07-20T13:45:49.824Z,2022-07-20T08:45:49,2022-07-20T14:06:34.082Z,exercise,"Yoga",,false
2022-07-20T13:01:35.587Z,2022-07-20T08:01:35,2022-07-20T13:28:31.239Z,exercise,"Walking",,false
2022-07-20T01:03:59.206Z,2022-07-19T20:03:59,,food,"Kale orzo salad with steak",https://levels.imgix.net/food-log/omh9spli8s7x5wu2zvysz.jpg,false
2022-07-19T20:45:08.000Z,2022-07-19T15:45:08,,food,"Sardines",,false
2022-07-19T19:24:06.667Z,2022-07-19T14:24:06,2022-07-19T20:22:38.449Z,exercise,"Traditional Strength Training",,false
2022-07-19T17:46:23.746Z,2022-07-19T12:46:23,,food,"3 eggs and sockeye salmon",https://levels.imgix.net/food-log/1rtl2n08ubi4975dms7gal.jpg,false
2022-07-19T14:10:02.766Z,2022-07-19T09:10:02,,food,"Muesli",https://levels.imgix.net/food-log/b66cx5rqjwot9j7z82evg.jpg,false
2022-07-19T02:46:00.000Z,2022-07-18T21:46:00,2022-07-19T12:38:30.000Z,sleep,"Sleep",,false
2022-07-19T00:27:54.245Z,2022-07-18T19:27:54,,food,"Spinach and artichoke pasta with chicken breast",https://levels.imgix.net/food-log/8ma545dxu75wg2r3kj50pj.jpg,false
2022-07-18T22:15:14.610Z,2022-07-18T17:15:14,2022-07-18T23:12:18.076Z,exercise,"Walking",,false
2022-07-18T22:00:43.000Z,2022-07-18T17:00:43,,food,"Sardines",,false
2022-07-18T16:17:27.266Z,2022-07-18T11:17:27,,food,"3 eggs, turkey sandwich, cucumbers",https://levels.imgix.net/food-log/qnvl7p9km3iew5nh7pai2u.jpg,false
2022-07-18T06:44:48.000Z,2022-07-18T01:44:48,2022-07-18T12:25:18.000Z,sleep,"Sleep",,false
2022-07-18T02:38:18.000Z,2022-07-17T21:38:18,2022-07-18T12:25:18.000Z,sleep,"Sleep",,false
2022-07-17T14:43:14.239Z,2022-07-17T09:43:14,2022-07-17T15:17:51.855Z,exercise,"Yoga",,false
2022-07-17T13:20:57.000Z,2022-07-17T08:20:57,2022-07-17T13:54:57.000Z,sleep,"Sleep",,false
2022-07-16T15:47:56.930Z,2022-07-16T10:47:56,2022-07-16T16:09:14.072Z,exercise,"Yoga",,false
2022-07-14T02:59:54.184Z,2022-07-13T21:59:54,2022-07-14T04:06:49.168Z,exercise,"Walking",,false
2022-07-12T19:55:52.062Z,2022-07-12T14:55:52,2022-07-12T20:34:55.440Z,exercise,"Walking",,false
2022-07-12T15:28:25.173Z,2022-07-12T10:28:25,2022-07-12T15:44:26.450Z,exercise,"Walking",,false
2022-07-11T21:14:26.642Z,2022-07-11T16:14:26,2022-07-11T21:46:55.689Z,exercise,"Walking",,false
2022-07-06T19:29:36.009Z,2022-07-06T14:29:36,2022-07-06T19:41:06.270Z,exercise,"Pilates",,false
2022-07-06T13:50:31.419Z,2022-07-06T08:50:31,2022-07-06T14:05:20.117Z,exercise,"Walking",,false
2022-07-05T23:10:04.871Z,2022-07-05T18:10:04,2022-07-05T23:28:37.946Z,exercise,"Walking",,false
2022-07-05T22:28:26.934Z,2022-07-05T17:28:26,2022-07-05T22:45:15.505Z,exercise,"Walking",,false
2022-07-05T13:35:35.430Z,2022-07-05T08:35:35,2022-07-05T13:55:14.980Z,exercise,"Walking",,false
2022-07-03T14:51:56.762Z,2022-07-03T09:51:56,2022-07-03T15:28:32.155Z,exercise,"Walking",,false
2022-06-09T02:02:14.826Z,2022-06-08T21:02:14,2022-06-09T02:21:28.947Z,exercise,"Cycling",,false
2022-06-08T22:00:43.147Z,2022-06-08T17:00:43,2022-06-08T22:19:56.369Z,exercise,"Cycling",,false
2022-06-08T13:38:05.083Z,2022-06-08T08:38:05,2022-06-08T13:49:46.199Z,exercise,"Functional Strength Training",,false
2022-06-08T02:37:12.000Z,2022-06-07T21:37:12,2022-06-08T12:59:42.000Z,sleep,"Sleep",,false
2022-06-08T00:04:45.503Z,2022-06-07T19:04:45,2022-06-08T00:40:55.434Z,exercise,"Functional Strength Training",,false
2022-06-07T22:52:07.148Z,2022-06-07T17:52:07,2022-06-07T23:08:55.438Z,exercise,"Cycling",,false
2022-06-07T12:06:01.000Z,2022-06-07T07:06:01,2022-06-07T13:08:01.000Z,sleep,"Sleep",,false
2022-06-07T02:11:29.867Z,2022-06-06T21:11:29,2022-06-07T02:43:07.585Z,exercise,"Yoga",,false
2022-06-06T14:40:00.000Z,2022-06-06T09:40:00,,food,"Museli",,false
2022-06-06T14:35:53.296Z,2022-06-06T09:35:53,,food,"Athletic greens",https://levels.imgix.net/food-log/0ul7j5v4e3h5kr1ihcyi1q.jpg,false
2022-06-06T03:25:37.000Z,2022-06-05T22:25:37,2022-06-06T13:41:07.000Z,sleep,"Sleep",,false
2022-06-05T06:56:45.000Z,2022-06-05T01:56:45,2022-06-05T13:44:15.000Z,sleep,"Sleep",,false
2022-06-04T19:11:46.763Z,2022-06-04T14:11:46,2022-06-04T19:46:32.033Z,exercise,"Walking",,false
2022-06-04T13:19:03.000Z,2022-06-04T08:19:03,2022-06-04T15:03:03.000Z,sleep,"Sleep",,false
2022-06-04T01:28:42.411Z,2022-06-03T20:28:42,2022-06-04T01:41:47.296Z,exercise,"Cycling",,false
2022-06-03T23:23:58.489Z,2022-06-03T18:23:58,2022-06-03T23:46:11.381Z,exercise,"Walking",,false
2022-06-03T20:45:08.703Z,2022-06-03T15:45:08,2022-06-03T21:14:07.332Z,exercise,"Walking",,false
2022-06-03T14:35:56.411Z,2022-06-03T09:35:56,2022-06-03T14:53:26.825Z,exercise,"Walking",,false
2022-06-03T13:45:49.187Z,2022-06-03T08:45:49,2022-06-03T14:09:32.283Z,exercise,"Yoga",,false
2022-06-02T14:31:50.128Z,2022-06-02T09:31:50,2022-06-02T15:03:32.488Z,exercise,"Functional Strength Training",,false
2022-06-02T13:04:04.461Z,2022-06-02T08:04:04,2022-06-02T13:33:22.839Z,exercise,"Walking",,false
2022-06-01T13:56:23.354Z,2022-06-01T08:56:23,2022-06-01T14:07:30.357Z,exercise,"Walking",,false
2022-05-31T22:34:38.496Z,2022-05-31T17:34:38,2022-05-31T22:56:55.535Z,exercise,"Yoga",,false
2022-05-31T13:34:16.995Z,2022-05-31T08:34:16,2022-05-31T13:55:04.006Z,exercise,"Walking",,false
2022-05-29T17:06:28.804Z,2022-05-29T12:06:28,2022-05-29T18:31:10.290Z,exercise,"Cycling",,false
2022-05-29T14:00:52.740Z,2022-05-29T09:00:52,2022-05-29T14:13:13.995Z,exercise,"Walking",,false
2022-05-26T13:41:24.953Z,2022-05-26T08:41:24,2022-05-26T13:57:32.675Z,exercise,"Walking",,false
2022-05-25T00:47:27.902Z,2022-05-24T19:47:27,2022-05-25T01:07:33.356Z,exercise,"Cycling",,false
2022-05-25T00:26:12.546Z,2022-05-24T19:26:12,2022-05-25T00:37:45.276Z,exercise,"Functional Strength Training",,false
2022-05-24T13:37:49.021Z,2022-05-24T08:37:49,2022-05-24T13:58:54.579Z,exercise,"Walking",,false
2022-05-24T00:34:17.712Z,2022-05-23T19:34:17,2022-05-24T00:52:27.041Z,exercise,"Cycling",,false
2022-05-24T00:15:23.379Z,2022-05-23T19:15:23,2022-05-24T00:34:00.847Z,exercise,"Walking",,false
2022-05-23T23:14:17.805Z,2022-05-23T18:14:17,2022-05-23T23:30:43.560Z,exercise,"Walking",,false
2022-05-23T22:56:36.810Z,2022-05-23T17:56:36,2022-05-23T23:13:58.500Z,exercise,"Cycling",,false
2022-05-23T14:25:56.982Z,2022-05-23T09:25:56,2022-05-23T15:16:47.445Z,exercise,"Cycling",,false
2022-05-23T13:34:03.236Z,2022-05-23T08:34:03,2022-05-23T13:57:12.554Z,exercise,"Walking",,false
2022-05-22T23:41:50.194Z,2022-05-22T18:41:50,2022-05-22T23:54:09.336Z,exercise,"Cycling",,false
2022-05-22T18:06:18.898Z,2022-05-22T13:06:18,2022-05-22T18:24:49.155Z,exercise,"Walking",,false
2022-05-22T14:23:08.337Z,2022-05-22T09:23:08,2022-05-22T14:47:41.928Z,exercise,"Walking",,false
2022-05-16T23:43:11.664Z,2022-05-16T18:43:11,2022-05-17T00:00:03.485Z,exercise,"Cycling",,false
2022-05-16T13:35:06.741Z,2022-05-16T08:35:06,2022-05-16T13:56:13.948Z,exercise,"Functional Strength Training",,false
2022-05-16T13:22:25.371Z,2022-05-16T08:22:25,2022-05-16T13:34:55.757Z,exercise,"Walking",,false
2022-05-16T02:08:23.000Z,2022-05-15T21:08:23,2022-05-16T12:31:59.000Z,sleep,"Sleep",,false
2022-05-13T18:31:55.004Z,2022-05-13T13:31:55,2022-05-13T19:06:37.903Z,exercise,"Walking",,false
2022-05-13T17:14:39.568Z,2022-05-13T12:14:39,2022-05-13T17:28:43.616Z,exercise,"Walking",,false
2022-05-12T16:29:39.978Z,2022-05-12T11:29:39,2022-05-12T17:35:40.676Z,exercise,"Tai Chi",,false
2022-05-12T15:02:16.941Z,2022-05-12T10:02:16,2022-05-12T15:18:17.225Z,exercise,"Cycling",,false
2022-05-12T13:25:54.803Z,2022-05-12T08:25:54,2022-05-12T13:38:07.479Z,exercise,"Functional Strength Training",,false
2022-05-12T13:13:13.160Z,2022-05-12T08:13:13,2022-05-12T13:25:46.179Z,exercise,"Walking",,false
2022-05-12T01:07:30.387Z,2022-05-11T20:07:30,2022-05-12T01:22:46.361Z,exercise,"Cycling",,false
2022-05-11T16:10:04.535Z,2022-05-11T11:10:04,2022-05-11T16:25:42.587Z,exercise,"Cycling",,false
2022-05-11T13:59:48.250Z,2022-05-11T08:59:48,2022-05-11T14:21:27.625Z,exercise,"Walking",,false
2022-05-09T06:13:33.000Z,2022-05-09T01:13:33,2022-05-09T13:24:03.000Z,sleep,"Sleep",,false
2022-05-07T15:17:15.376Z,2022-05-07T10:17:15,2022-05-07T15:38:29.848Z,exercise,"Walking",,false
2022-05-06T14:07:55.036Z,2022-05-06T09:07:55,2022-05-06T14:30:30.689Z,exercise,"Walking",,false
2022-05-05T17:09:38.162Z,2022-05-05T12:09:38,,food,"4 eggs with butter toast with muelsi mix",https://levels.imgix.net/food-log/k9x312yh5oqy498lg2u64.jpg,false
2022-05-05T17:08:55.171Z,2022-05-05T12:08:55,,food,"Athletic greens",,false
2022-05-05T15:52:34.411Z,2022-05-05T10:52:34,2022-05-05T16:42:13.497Z,exercise,"Walking",,false
2022-05-05T03:38:48.000Z,2022-05-04T22:38:48,2022-05-05T13:45:48.000Z,sleep,"Sleep",,false
2022-05-04T19:39:44.745Z,2022-05-04T14:39:44,,food,"Matcha and chocolate cream puff",https://levels.imgix.net/food-log/hlxj0nu376c99tnbtxms6e.jpg,false
2022-05-04T19:16:16.000Z,2022-05-04T14:16:16,,food,"Etta bubbling shrimp and chicken sandwich",,false
2022-05-04T16:52:53.428Z,2022-05-04T11:52:53,2022-05-04T17:31:57.356Z,exercise,"Walking",,false
2022-05-04T15:40:37.591Z,2022-05-04T10:40:37,,food,"Muesli with almond butter, chia seeds, collagen, creatine, kefir, cinnamon",https://levels.imgix.net/food-log/j0xbohziclqb6p3bpuutd.jpg,false
2022-05-04T15:27:57.300Z,2022-05-04T10:27:57,,food,"Sardines",https://levels.imgix.net/food-log/f787jk4zpedvmuopbew318.jpg,false
2022-05-04T15:25:32.790Z,2022-05-04T10:25:32,,food,"Athletic greens",,false
2022-05-04T14:28:43.753Z,2022-05-04T09:28:43,2022-05-04T14:41:46.015Z,exercise,"Walking",,false
2022-05-04T11:39:02.000Z,2022-05-04T06:39:02,2022-05-04T12:54:15.000Z,sleep,"Sleep",,false
2022-05-04T04:45:45.000Z,2022-05-03T23:45:45,2022-05-04T12:54:15.000Z,sleep,"Sleep",,false
2022-05-04T03:47:15.000Z,2022-05-03T22:47:15,2022-05-04T12:54:15.000Z,sleep,"Sleep",,false
2022-05-04T00:26:26.618Z,2022-05-03T19:26:26,,food,"Sausage, spinach pasta",https://levels.imgix.net/food-log/7aqpl66cc6zh18ifv5y2.jpg,false
2022-05-03T22:22:41.908Z,2022-05-03T17:22:41,,food,"Muesli with almond butter, chia seeds, collagen, creatine, kefir, cinnamon",https://levels.imgix.net/food-log/kq21389guz3lo1k3is7yw.jpg,false
2022-05-03T21:21:46.100Z,2022-05-03T16:21:46,2022-05-03T22:03:49.592Z,exercise,"Traditional Strength Training",,false
2022-05-03T20:51:53.597Z,2022-05-03T15:51:53,2022-05-03T21:17:27.382Z,exercise,"Functional Strength Training",,false
2022-05-03T19:31:03.731Z,2022-05-03T14:31:03,,food,"Greek pita",https://levels.imgix.net/food-log/zf62pcxa2fdv7ozqi6raa.jpg,false
2022-05-03T16:08:07.273Z,2022-05-03T11:08:07,,food,"Steak and eggs",https://levels.imgix.net/food-log/62rp8jhuuf3fcf8rlsg91.jpg,false
2022-05-03T14:47:13.000Z,2022-05-03T09:47:13,,food,"Athletic greens",,false
2022-05-03T13:44:19.912Z,2022-05-03T08:44:19,2022-05-03T14:15:31.685Z,exercise,"Yoga",,false
2022-05-03T12:16:46.000Z,2022-05-03T07:16:46,2022-05-03T13:08:16.000Z,sleep,"Sleep",,false
2022-05-03T03:13:16.000Z,2022-05-02T22:13:16,2022-05-03T13:08:16.000Z,sleep,"Sleep",,false
2022-05-03T03:09:58.000Z,2022-05-02T22:09:58,2022-05-03T12:48:28.000Z,sleep,"Sleep",,false
2022-05-03T01:27:56.223Z,2022-05-02T20:27:56,,food,"Theo dark chocolate with almond butter",https://levels.imgix.net/food-log/sgr8cs0j9y85xhez499pi.jpg,false
2022-05-03T00:50:14.608Z,2022-05-02T19:50:14,,food,"Braised Chicken thigh with artichoke hearts, kale, onion, fennel, lemon",https://levels.imgix.net/food-log/xoedpxtmhvjt0q5va7wpg.jpg,false
2022-05-02T19:57:56.783Z,2022-05-02T14:57:56,,food,"Musheli",https://levels.imgix.net/food-log/a04ap38j1fnalupu7uhpl.jpg,false
2022-05-02T19:29:17.449Z,2022-05-02T14:29:17,2022-05-02T19:50:30.493Z,exercise,"Walking",,false
2022-05-02T16:57:03.648Z,2022-05-02T11:57:03,,food,"Greek bowl leftovers",https://levels.imgix.net/food-log/i34fu2s24tpdc151q1x2c.jpg,false
2022-05-02T16:54:58.000Z,2022-05-02T11:54:58,,food,"Bone broth",https://levels.imgix.net/food-log/wqcz35ocp9p8yn8ufemq9m.jpg,false
2022-05-02T16:49:50.844Z,2022-05-02T11:49:50,,food,"Athletic greens with creatine",https://levels.imgix.net/food-log/vnmggrojx8a7sl03j8e7fe.jpg,false
2022-05-02T15:40:27.941Z,2022-05-02T10:40:27,2022-05-02T16:15:28.211Z,exercise,"Cycling",,false
2022-05-02T15:08:08.988Z,2022-05-02T10:08:08,2022-05-02T15:20:11.219Z,exercise,"Functional Strength Training",,false
2022-05-02T14:19:48.859Z,2022-05-02T09:19:48,2022-05-02T14:34:29.093Z,exercise,"Functional Strength Training",,false
2022-05-02T14:07:22.048Z,2022-05-02T09:07:22,2022-05-02T14:19:31.920Z,exercise,"Walking",,false
2022-05-02T11:54:57.000Z,2022-05-02T06:54:57,2022-05-02T13:48:13.000Z,sleep,"Sleep",,false
2022-05-02T08:51:27.000Z,2022-05-02T03:51:27,2022-05-02T13:48:13.000Z,sleep,"Sleep",,false
2022-05-02T00:45:49.224Z,2022-05-01T19:45:49,,food,"Almond butter toast",https://levels.imgix.net/food-log/xs9fz1m5xcmxy8jnkqhc7.jpg,false
2022-05-02T00:13:58.000Z,2022-05-01T19:13:58,,food,"Almond cookie and dark chocolate",,false
2022-05-01T23:26:05.966Z,2022-05-01T18:26:05,,food,"Peking duck dinner",https://levels.imgix.net/food-log/ij2ir4w8mlggirmivtipv.jpg,false
2022-05-01T21:47:25.182Z,2022-05-01T16:47:25,,food,"Greek bowl leftovers",https://levels.imgix.net/food-log/5rrnnvnhrg1jnez9doo8z.jpg,false
2022-05-01T21:45:17.914Z,2022-05-01T16:45:17,,food,"Athletic greens with creatine",https://levels.imgix.net/food-log/vnmggrojx8a7sl03j8e7fe.jpg,false
2022-05-01T17:04:58.350Z,2022-05-01T12:04:58,,food,"Dunkin egg bites and egg, turkey sausage sandwich",https://levels.imgix.net/food-log/858nmrbloumt9itbapa4e.jpg,false
2022-05-01T05:29:42.000Z,2022-05-01T00:29:42,2022-05-01T12:43:12.000Z,sleep,"Sleep",,false
2022-05-01T05:29:35.000Z,2022-05-01T00:29:35,2022-05-01T05:30:05.000Z,sleep,"Sleep",,false
2022-05-01T04:51:32.219Z,2022-04-30T23:51:32,,food,"Jj 12",,false
2022-05-01T04:49:30.555Z,2022-04-30T23:49:30,,food,"JJ 7",,false
2022-05-01T04:49:30.555Z,2022-04-30T23:49:30,,food,"JJ 7",,false
2022-05-01T04:47:20.000Z,2022-04-30T23:47:20,,food,"JJ 7",,false
2022-04-30T22:55:43.000Z,2022-04-30T17:55:43,,food,"Bulrush STL",,false
2022-04-30T18:18:13.000Z,2022-04-30T13:18:13,,food,"Grilled chick fil a sandwich with grilled nuggets",https://levels.imgix.net/food-log/sblzr2lvs4y0of4ji8qwj.jpg,false
2022-04-30T18:18:13.000Z,2022-04-30T13:18:13,,food,"Grilled chick fil a sandwich with grilled nuggets",https://levels.imgix.net/food-log/sblzr2lvs4y0of4ji8qwj.jpg,false
2022-04-30T15:56:29.068Z,2022-04-30T10:56:29,2022-04-30T16:12:30.687Z,exercise,"Walking",,false
2022-04-30T15:08:59.003Z,2022-04-30T10:08:59,,food,"Athletic greens with creatine alongside 4 eggs, butter toast, almond butter toast",https://levels.imgix.net/food-log/h87ml0611k5w2ejlh85dl.jpg,false
2022-04-30T03:23:07.000Z,2022-04-29T22:23:07,2022-04-30T13:55:07.000Z,sleep,"Sleep",,false
2022-04-30T00:18:05.492Z,2022-04-29T19:18:05,,food,"Mediterranean night",https://levels.imgix.net/food-log/kt6xfht8zqblmlqi0rk7o.jpg,false
2022-04-29T19:28:27.580Z,2022-04-29T14:28:27,,food,"4 eggs with butter toast alongside muesli mix and althletic greens",https://levels.imgix.net/food-log/bphi0qo1gp8oy28cddi6g.jpg,false
2022-04-29T17:41:41.476Z,2022-04-29T12:41:41,2022-04-29T17:53:42.647Z,exercise,"Functional Strength Training",,false
2022-04-29T17:13:03.511Z,2022-04-29T12:13:03,2022-04-29T17:37:27.420Z,exercise,"Walking",,false
2022-04-29T15:06:37.105Z,2022-04-29T10:06:37,2022-04-29T16:53:03.653Z,exercise,"Functional Strength Training",,false
2022-04-29T13:49:26.822Z,2022-04-29T08:49:26,2022-04-29T14:12:59.698Z,exercise,"Walking",,false
2022-04-29T11:23:02.000Z,2022-04-29T06:23:02,2022-04-29T12:28:02.000Z,sleep,"Sleep",,false
2022-04-29T04:40:02.000Z,2022-04-28T23:40:02,2022-04-29T12:28:02.000Z,sleep,"Sleep",,false
2022-04-29T00:45:39.051Z,2022-04-28T19:45:39,,food,"tiramisu",https://levels.imgix.net/food-log/wo2gzaqzjzkgi8kb0bsnse.jpg,false
2022-04-28T23:55:26.480Z,2022-04-28T18:55:26,,food,"Tortello takeout",https://levels.imgix.net/food-log/7m7qqy6itgetmxqxsqj9m.jpg,false
2022-04-28T19:54:04.845Z,2022-04-28T14:54:04,,food,"Leftover chicken breast, broccoli, cauliflower rice alongside kombucha",https://levels.imgix.net/food-log/77ndp4u96r9u3poscn5cwm.jpg,false
2022-04-28T17:44:12.918Z,2022-04-28T12:44:12,,food,"3 eggs, butter toast, almond butter toast",https://levels.imgix.net/food-log/44v643euan34ij74ognu53.jpg,false
2022-04-28T17:38:27.377Z,2022-04-28T12:38:27,,food,"Bone broth",https://levels.imgix.net/food-log/wqcz35ocp9p8yn8ufemq9m.jpg,false
2022-04-28T16:56:32.508Z,2022-04-28T11:56:32,2022-04-28T17:30:31.633Z,exercise,"Functional Strength Training",,false
2022-04-28T15:02:26.099Z,2022-04-28T10:02:26,,food,"Muesli with almond butter, chia seeds, collagen, creatine, kefir, cinnamon alongisde coffee",https://levels.imgix.net/food-log/tmyyykxv53nzkus2s0fzv.jpg,false
2022-04-28T07:39:41.000Z,2022-04-28T02:39:41,2022-04-28T12:57:58.000Z,sleep,"Sleep",,false
2022-04-28T03:41:11.000Z,2022-04-27T22:41:11,2022-04-28T12:57:58.000Z,sleep,"Sleep",,false
2022-04-28T02:14:53.847Z,2022-04-27T21:14:53,2022-04-28T02:35:46.488Z,exercise,"Other",,false
2022-04-28T00:38:50.670Z,2022-04-27T19:38:50,,food,"Chicken breast, broccoli, cauliflower rice",,false
2022-04-28T00:00:43.000Z,2022-04-27T19:00:43,,food,"Bone broth",,false
2022-04-27T23:45:47.827Z,2022-04-27T18:45:47,2022-04-28T00:13:16.300Z,exercise,"Walking",,false
2022-04-27T23:09:26.756Z,2022-04-27T18:09:26,2022-04-27T23:38:26.885Z,exercise,"Traditional Strength Training",,false
2022-04-27T22:50:40.381Z,2022-04-27T17:50:40,2022-04-27T23:05:02.582Z,exercise,"Functional Strength Training",,false
2022-04-27T22:13:45.918Z,2022-04-27T17:13:45,2022-04-27T22:27:50.908Z,exercise,"Walking",,false
2022-04-27T20:13:12.476Z,2022-04-27T15:13:12,,food,"3 eggs, butter toast, almond butter toast",https://levels.imgix.net/food-log/i71vimougeju3e99pn8eh.jpg,false
2022-04-27T17:31:57.783Z,2022-04-27T12:31:57,,food,"3 eggs, butter toast, almond butter toast alongside tumeric tea",https://levels.imgix.net/food-log/xksxikovcmf6cxw2f2whx7.jpg,false
2022-04-27T15:51:35.171Z,2022-04-27T10:51:35,2022-04-27T16:03:35.907Z,exercise,"Functional Strength Training",,false
2022-04-27T15:32:30.304Z,2022-04-27T10:32:30,2022-04-27T15:48:12.609Z,exercise,"Yoga",,false
2022-04-27T14:57:43.412Z,2022-04-27T09:57:43,2022-04-27T15:19:08.232Z,exercise,"Walking",,false
2022-04-27T14:40:46.064Z,2022-04-27T09:40:46,,food,"Muesli with almond butter, chia seeds, collagen, creatine, kefir, cinnamon alongisde coffee",https://levels.imgix.net/food-log/i1cejzt9nqawi8b118q0i.jpg,false
2022-04-27T14:05:53.000Z,2022-04-27T09:05:53,,food,"Athletic greens",,false
2022-04-27T12:31:21.000Z,2022-04-27T07:31:21,2022-04-27T12:54:21.000Z,sleep,"Sleep",,false
2022-04-27T02:37:19.000Z,2022-04-26T21:37:19,2022-04-27T12:54:21.000Z,sleep,"Sleep",,false
2022-04-27T01:07:31.451Z,2022-04-26T20:07:31,,food,"Almond butter Ezekiel toast",,false
2022-04-27T00:24:39.123Z,2022-04-26T19:24:39,2022-04-27T00:40:20.161Z,exercise,"Cycling",,false
2022-04-26T22:47:35.416Z,2022-04-26T17:47:35,,food,"Chips and guacamole",,false
2022-04-26T22:34:25.000Z,2022-04-26T17:34:25,,food,"Margarita",,false
2022-04-26T21:48:58.201Z,2022-04-26T16:48:58,2022-04-26T22:02:27.546Z,exercise,"Cycling",,false
2022-04-26T21:22:31.781Z,2022-04-26T16:22:31,,food,"kombucha",https://levels.imgix.net/food-log/ai2wqluhixm3nynqtaf803.jpg,false
2022-04-26T19:04:36.079Z,2022-04-26T14:04:36,2022-04-26T19:23:49.405Z,exercise,"Walking",,false
2022-04-26T18:39:10.135Z,2022-04-26T13:39:10,,food,"Almond butter toast and leftover bbq",https://levels.imgix.net/food-log/926bfzejaef51rpqpa2bwc.jpg,false
2022-04-26T17:39:54.840Z,2022-04-26T12:39:54,,food,"Kale orzo salad",https://levels.imgix.net/food-log/25k0iyr9x6yty15nahiihc.jpg,false
2022-04-26T16:53:32.337Z,2022-04-26T11:53:32,2022-04-26T17:05:01.765Z,exercise,"Functional Strength Training",,false
2022-04-26T15:40:14.490Z,2022-04-26T10:40:14,,food,"Muesli with almond butter, chia seeds, collagen, creatine, kefir, cinnamon alongisde coffee",https://levels.imgix.net/food-log/keochaflsvhcqut30i4rlu.jpg,false
2022-04-26T15:00:31.000Z,2022-04-26T10:00:31,,food,"Athletic greens",,false
2022-04-26T03:25:07.000Z,2022-04-25T22:25:07,2022-04-26T13:25:07.000Z,sleep,"Sleep",,false
2022-04-26T00:06:42.932Z,2022-04-25T19:06:42,,food,"Bbq",https://levels.imgix.net/food-log/34g8y6g6q364zfpulbn1yr.jpg,false
2022-04-25T23:16:53.533Z,2022-04-25T18:16:53,,food,"raspberry",https://levels.imgix.net/food-log/xqusmitb19dxgqbl19nj4.jpg,false
2022-04-25T22:39:07.587Z,2022-04-25T17:39:07,,food,"Sardines",https://levels.imgix.net/food-log/rjpafucby4erjlc2mhse7.jpg,false
2022-04-25T21:00:28.742Z,2022-04-25T16:00:28,2022-04-25T21:38:11.130Z,exercise,"Functional Strength Training",,false
2022-04-25T17:24:31.541Z,2022-04-25T12:24:31,,food,"Kale orzo salad",https://levels.imgix.net/food-log/o1nhyc38srmzxwpxi9u4j.jpg,false
2022-04-25T16:53:18.598Z,2022-04-25T11:53:18,2022-04-25T17:07:50.765Z,exercise,"Walking",,false
2022-04-25T16:17:10.861Z,2022-04-25T11:17:10,,food,"Muesli with almond butter, chia seeds, collagen, creatine, kefir and althetic greens",https://levels.imgix.net/food-log/pbtk1qrhh1rmu6493lfc.jpg,false
2022-04-25T14:56:52.477Z,2022-04-25T09:56:52,2022-04-25T15:26:53.530Z,exercise,"Cycling",,false
2022-04-25T13:14:02.615Z,2022-04-25T08:14:02,2022-04-25T13:39:59.673Z,exercise,"Walking",,false
2022-04-25T09:36:48.000Z,2022-04-25T04:36:48,2022-04-25T12:46:48.000Z,sleep,"Sleep",,false
2022-04-25T02:43:48.000Z,2022-04-24T21:43:48,2022-04-25T12:46:48.000Z,sleep,"Sleep",,false
2022-04-24T23:14:31.483Z,2022-04-24T18:14:31,2022-04-24T23:43:31.877Z,exercise,"Walking",,false
2022-04-24T12:05:59.000Z,2022-04-24T07:05:59,2022-04-24T15:36:29.000Z,sleep,"Sleep",,false
2022-04-24T04:39:37.297Z,2022-04-23T23:39:37,2022-04-24T05:01:10.373Z,exercise,"Walking",,false
2022-04-22T13:24:02.745Z,2022-04-22T08:24:02,2022-04-22T13:46:40.192Z,exercise,"Walking",,false
2022-04-21T18:25:34.063Z,2022-04-21T13:25:34,2022-04-21T18:48:44.892Z,exercise,"Walking",,false
2022-04-21T13:32:29.207Z,2022-04-21T08:32:29,2022-04-21T13:49:15.280Z,exercise,"Walking",,false
2022-04-18T15:42:34.359Z,2022-04-18T10:42:34,2022-04-18T16:02:48.391Z,exercise,"Walking",,false
2022-04-17T20:07:55.169Z,2022-04-17T15:07:55,2022-04-17T20:48:49.958Z,exercise,"Walking",,false
2022-04-16T18:50:01.466Z,2022-04-16T13:50:01,2022-04-16T19:22:26.871Z,exercise,"Walking",,false
2022-04-16T06:21:00.483Z,2022-04-16T01:21:00,2022-04-16T06:40:15.898Z,exercise,"Walking",,false
2022-04-14T17:50:12.913Z,2022-04-14T12:50:12,2022-04-14T18:22:44.468Z,exercise,"Walking",,false
2022-04-13T19:29:00.560Z,2022-04-13T14:29:00,2022-04-13T19:41:05.291Z,exercise,"Cycling",,false
2022-04-13T17:37:13.015Z,2022-04-13T12:37:13,2022-04-13T17:50:46.672Z,exercise,"Cycling",,false
2022-04-13T15:25:51.759Z,2022-04-13T10:25:51,2022-04-13T15:55:52.435Z,exercise,"Cycling",,false
2022-04-13T12:48:14.961Z,2022-04-13T07:48:14,2022-04-13T13:09:42.150Z,exercise,"Walking",,false
2022-04-12T22:47:54.605Z,2022-04-12T17:47:54,2022-04-12T23:14:14.605Z,exercise,"Functional Strength Training",,false
2022-04-12T18:40:39.886Z,2022-04-12T13:40:39,2022-04-12T18:52:03.822Z,exercise,"Functional Strength Training",,false
2022-04-12T18:27:57.085Z,2022-04-12T13:27:57,2022-04-12T18:39:41.584Z,exercise,"Walking",,false
2022-04-12T16:47:36.563Z,2022-04-12T11:47:36,2022-04-12T17:09:25.687Z,exercise,"Yoga",,false
2022-04-12T13:03:39.038Z,2022-04-12T08:03:39,2022-04-12T13:15:53.394Z,exercise,"Walking",,false
2022-04-11T23:00:12.000Z,2022-04-11T18:00:12,2022-04-11T23:20:12.000Z,exercise,"Yoga",,false
2022-04-11T22:59:52.077Z,2022-04-11T17:59:52,2022-04-11T23:21:42.386Z,exercise,"Yoga",,false
2022-04-11T22:14:25.165Z,2022-04-11T17:14:25,2022-04-11T22:43:05.046Z,exercise,"Walking",,false
2022-04-11T15:13:43.087Z,2022-04-11T10:13:43,2022-04-11T15:43:43.761Z,exercise,"Cycling",,false
2022-04-11T15:13:42.000Z,2022-04-11T10:13:42,2022-04-11T15:43:49.000Z,exercise,"Cycling",,false
2022-04-11T13:26:56.815Z,2022-04-11T08:26:56,2022-04-11T13:47:23.191Z,exercise,"Walking",,false
2022-04-11T00:27:45.318Z,2022-04-10T19:27:45,2022-04-11T00:40:58.220Z,exercise,"Walking",,false
2022-04-11T00:04:39.224Z,2022-04-10T19:04:39,2022-04-11T00:16:48.461Z,exercise,"Walking",,false
2022-04-10T17:40:30.965Z,2022-04-10T12:40:30,2022-04-10T18:35:32.348Z,exercise,"Functional Strength Training",,false
2022-04-10T15:14:29.998Z,2022-04-10T10:14:29,2022-04-10T16:05:31.037Z,exercise,"Walking",,false
2022-04-10T04:14:35.000Z,2022-04-09T23:14:35,2022-04-10T13:26:05.000Z,sleep,"Sleep",,false
2022-04-09T23:26:35.167Z,2022-04-09T18:26:35,2022-04-09T23:55:01.578Z,exercise,"Walking",,false
2022-04-09T16:49:20.810Z,2022-04-09T11:49:20,2022-04-09T17:20:40.521Z,exercise,"Walking",,false
2022-04-09T13:57:52.181Z,2022-04-09T08:57:52,2022-04-09T14:28:47.164Z,exercise,"Functional Strength Training",,false
2022-04-09T13:45:05.876Z,2022-04-09T08:45:05,2022-04-09T13:57:38.369Z,exercise,"Walking",,false
2022-04-09T03:07:11.000Z,2022-04-08T22:07:11,2022-04-09T13:13:41.000Z,sleep,"Sleep",,false
2022-04-08T23:28:15.430Z,2022-04-08T18:28:15,2022-04-08T23:53:20.488Z,exercise,"Walking",,false
2022-04-08T13:19:23.106Z,2022-04-08T08:19:23,2022-04-08T13:37:14.305Z,exercise,"Walking",,false
2022-04-07T12:47:02.969Z,2022-04-07T07:47:02,2022-04-07T13:07:03.558Z,exercise,"Functional Strength Training",,false
2022-04-07T12:34:40.440Z,2022-04-07T07:34:40,2022-04-07T12:46:34.283Z,exercise,"Walking",,false
2022-04-06T20:47:55.351Z,2022-04-06T15:47:55,2022-04-06T21:00:24.679Z,exercise,"Functional Strength Training",,false
2022-04-06T13:27:55.380Z,2022-04-06T08:27:55,2022-04-06T13:39:11.208Z,exercise,"Walking",,false
2022-04-05T20:47:11.027Z,2022-04-05T15:47:11,2022-04-05T21:14:22.064Z,exercise,"Walking",,false